CID,Year,Time_S,LkArea,Temp,Precip,GW,POP,GDP,GOVA,AA,GRAIN,LSC,LSS,LA,SG,FAI,LGR,IOFP,LOH,RPOP,UrbanLand,Water,Forest,Shrub,Grass,Crop,Sand,TotalArea,gdppc,rpopsh,daa,dgr,dlsc,dlss,dla,dsg,dhw,sgova,sinv,slgov,sfinc,Purban,PForest,PShrub,PGrass,PCrop,Lnlake,Lglake,LnGW,NLnGW,PULake,PUNland,PUGrass,PUCrop,Comp
875,2000,1,2096.60,0.30,425.20,139.33,34.16,108217,122050,239212,500479,36.15,32.30,2.51,19.75,22303,7878,2103,970,22.0184,23875000,0,4086875000,448812500,1660750000,3996937500,0,11120446067,3167.94,64.46,21.51,45.01,32.51,29.05,2.26,17.76,87.23,112.78,20.61,7.28,1.94,0.21,36.75,4.04,14.93,35.94,7.65,3.32,4.94,-4.94,1.1387,0.5264,1.4376,0.5973,0
876,2000,1,2096.60,-1.60,307.10,287.57,5.46,48901,37387,39233,60501,44.26,82.93,9.79,33.98,4783,3963,3163,444,0.9217,42562500,14750000,76250000,138312500,15376250000,1443937500,11625000,17459921514,8956.23,16.88,2.25,3.47,25.35,47.50,5.61,19.46,25.43,76.45,9.78,8.10,6.47,0.24,0.44,0.79,88.07,8.27,7.65,3.32,5.66,-5.66,2.0301,19.8369,0.2768,2.9477,0
877,2000,1,2096.60,-2.50,275.00,843.50,8.04,69362,53535,87768,86309,10.24,24.56,3.83,5.41,5303,5017,3915,1108,0.1631,85562500,20125000,15769187500,3778312500,6579875000,1361812500,0,28980775619,8627.11,2.03,3.03,2.98,3.53,8.47,1.32,1.87,38.23,77.18,7.65,7.23,5.64,0.30,54.41,13.04,22.70,4.70,7.65,3.32,6.74,-6.74,4.0810,0.4377,1.3004,6.2830,0
878,2000,1,2096.60,-0.60,579.70,212.25,28.00,84523,49037,99095,132688,9.61,11.17,1.49,3.72,12716,8291,1590,961,5.8472,22400000,750000,24575250000,8869437500,3893125000,6777687500,0,54962665833,3018.68,20.88,1.80,2.41,1.75,2.03,0.27,0.68,17.48,58.02,15.04,9.81,1.88,0.04,44.71,16.14,7.08,12.33,7.65,3.32,5.36,-5.36,1.0684,0.0670,0.5754,0.3305,0
879,2000,1,2096.60,-1.70,352.90,205.50,14.01,103704,41281,43500,82897,34.76,73.97,9.89,24.52,17735,12681,3286,409,1.9831,25062500,625000,1513812500,1921687500,9553937500,3371000000,250000,18651888617,7402.14,14.15,2.33,4.44,18.64,39.66,5.30,13.15,21.93,39.81,17.10,12.23,3.17,0.13,8.12,10.30,51.22,18.07,7.65,3.32,5.33,-5.33,1.1954,0.7295,0.2623,0.7435,0
880,2000,1,2096.60,-3.80,296.20,278.00,17.34,115634,10709,1811,1937,2.01,1.69,0.25,0.44,9628,6294,3121,378,0.3669,52375000,33750000,11856187500,5725687500,561062500,122375000,0,20048671122,6668.63,2.12,0.09,0.10,1.00,0.84,0.12,0.22,18.85,9.26,8.33,5.44,2.70,0.26,59.14,28.56,2.80,0.61,7.65,3.32,5.63,-5.63,2.4981,0.2979,9.3350,42.7988,0
882,2000,1,2096.60,-0.50,189.30,2108.33,14.97,151703,16526,1868,1168,5.31,6.83,0.55,4.08,48020,15176,41460,202,2.1848,29437500,125000,125000,312500,649437500,22687500,125000,733740503,10133.80,14.59,2.55,1.59,72.37,93.08,7.50,55.61,275.30,10.89,31.65,10.00,27.33,4.01,0.02,0.04,88.51,3.09,7.65,3.32,7.65,-7.65,1.4041,6728.5714,4.5328,129.7521,0
883,2000,1,2096.60,2.50,365.30,1470.57,28.73,102328,97951,273926,303849,16.97,23.37,3.54,5.67,22697,7539,1317,478,23.9477,29437500,437500,266562500,120437500,1093125000,7992000000,0,10419209969,3561.71,83.35,26.29,29.16,16.29,22.43,3.40,5.44,45.88,95.72,22.18,7.37,1.29,0.28,2.56,1.16,10.49,76.70,7.65,3.32,7.29,-7.29,1.4041,7.6066,2.6930,0.3683,0
884,2000,1,2096.60,1.40,127.10,1784.33,3.23,29186,25108,1504,218,98.67,142.20,10.89,87.75,3701,1235,2963,200,1.5726,19500000,1838687500,937500,5125000,22854437500,41375000,19250000,24814110660,9035.91,48.69,0.06,0.01,39.76,57.31,4.39,35.36,8.06,86.03,12.68,4.23,10.15,0.08,0.00,0.02,92.10,0.17,7.65,3.32,7.49,-7.49,0.9301,321.6495,0.0853,47.1299,0
885,2000,1,2096.60,0.40,260.20,451.29,4.03,36812,30337,27763,14302,81.59,117.74,9.06,72.44,5300,1553,3403,280,2.4119,51437500,308500000,76312500,552312500,16696187500,1916187500,54125000,20105296713,9134.49,59.85,1.38,0.71,40.58,58.56,4.51,36.03,13.93,82.41,14.40,4.22,9.24,0.26,0.38,2.75,83.04,9.53,7.65,3.32,6.11,-6.11,2.4534,8.1825,0.3081,2.6844,0
886,2000,1,2096.60,-2.50,330.50,277.71,40.54,189604,68750,78366,118110,8.62,16.39,2.83,2.24,45995,10205,2369,2021,0.3479,117268108,0,8233937500,6493312500,5074875000,2800187500,0,27867468971,4676.96,0.86,2.81,4.24,3.09,5.88,1.02,0.80,72.52,36.26,24.26,5.38,1.25,0.42,29.55,23.30,18.21,10.05,7.65,3.32,5.63,-5.63,5.5933,0.7963,2.3108,4.1879,0
887,2000,1,2096.60,3.40,351.40,304.43,42.85,128313,91708,171811,356108,49.01,55.05,6.83,20.9,20372,8158,2301,1331,23.1086,41937500,0,4462250000,2188812500,6770687500,2542500000,0,16828128473,2994.47,53.93,10.21,21.16,29.12,32.71,4.06,12.42,79.09,71.47,15.88,6.36,1.79,0.25,26.52,13.01,40.23,15.11,7.65,3.32,5.72,-5.72,2.0003,0.6305,0.6194,1.6495,0
875,2001,2,2067.88,3.30,379.50,139.33,31.39,119987,127200,237538,431943,48.86,45.87,3.14,30.17,22845,8791,2284,1699,22.3851,26338846,0,4086875000,448812500,1660750000,3996937500,0,11120446067,3822.46,71.31,21.36,38.84,43.94,41.25,2.82,27.13,152.78,106.01,19.04,7.33,1.90,0.24,36.75,4.04,14.93,35.94,7.63,3.32,4.94,-4.94,1.2737,0.5807,1.5860,0.6590,0
876,2001,2,2067.88,-0.50,176.20,287.57,5.48,52139,29029,38382,22165,43.33,76.47,8.37,34.62,6300,2189,3320,307,1.0031,45590811,14750000,76250000,138312500,15376250000,1443937500,11625000,17459921514,9514.42,18.30,2.20,1.27,24.82,43.80,4.79,19.83,17.58,55.68,12.08,4.20,6.37,0.26,0.44,0.79,88.07,8.27,7.63,3.32,5.66,-5.66,2.2047,21.2483,0.2965,3.1574,0
877,2001,2,2067.88,-1.70,230.20,843.50,8.26,54540,34046,81161,31388,11.27,26.84,4.1,6.34,7753,3839,3145,1059,0.1657,88816847,20125000,15769187500,3778312500,6579875000,1361812500,0,28980775619,6602.91,2.01,2.80,1.08,3.89,9.26,1.41,2.19,36.54,62.42,14.22,7.04,5.77,0.31,54.41,13.04,22.70,4.70,7.63,3.32,6.74,-6.74,4.2951,0.4544,1.3498,6.5220,0
878,2001,2,2067.88,-0.40,492.00,212.25,28.27,90786,56984,113822,197954,11.84,15.11,1.82,6.01,13073,7018,1640,1302,6.1606,24215861,750000,24575250000,8869437500,3893125000,6777687500,0,54962665833,3211.39,21.79,2.07,3.60,2.15,2.75,0.33,1.09,23.69,62.77,14.40,7.73,1.81,0.04,44.71,16.14,7.08,12.33,7.63,3.32,5.36,-5.36,1.1710,0.0724,0.6220,0.3573,0
879,2001,2,2067.88,-0.60,217.10,205.50,14.01,117848,36142,35696,24250,33.56,70.95,9.41,23.9,34476,13384,3452,359,1.9643,26429277,625000,1513812500,1921687500,9553937500,3371000000,250000,18651888617,8411.71,14.02,1.91,1.30,17.99,38.04,5.05,12.81,19.25,30.67,29.25,11.36,2.93,0.14,8.12,10.30,51.22,18.07,7.63,3.32,5.33,-5.33,1.2781,0.7693,0.2766,0.7840,0
880,2001,2,2067.88,-3.90,360.00,278.00,17.29,126969,13886,1752,1952,2.01,1.77,0.26,0.47,11958,6188,2507,553,0.3374,55000833,33750000,11856187500,5725687500,561062500,122375000,0,20048671122,7343.49,1.95,0.09,0.10,1.00,0.88,0.13,0.23,27.58,10.94,9.42,4.87,1.97,0.27,59.14,28.56,2.80,0.61,7.63,3.32,5.63,-5.63,2.6598,0.3128,9.8030,44.9445,0
882,2001,2,2067.88,0.30,140.40,2108.33,15.21,173959,16934,1479,1013,5.10,6.57,0.56,3.77,81414,18196,33306,145,1.4052,32169572,125000,125000,312500,649437500,22687500,125000,733740503,11437.15,9.24,2.02,1.38,69.51,89.54,7.63,51.38,197.62,9.73,46.80,10.46,19.15,4.38,0.02,0.04,88.51,3.09,7.63,3.32,7.65,-7.65,1.5557,7353.0450,4.9535,141.7943,0
883,2001,2,2067.88,2.70,391.80,1470.57,29.89,119006,108739,269999,409105,21.19,31.59,4.52,8.99,41713,8440,1611,771,25.2337,32169572,437500,266562500,120437500,1093125000,7992000000,0,10419209969,3981.47,84.42,25.91,39.26,20.34,30.32,4.34,8.63,74.00,91.37,35.05,7.09,1.35,0.31,2.56,1.16,10.49,76.70,7.63,3.32,7.29,-7.29,1.5557,8.3126,2.9429,0.4025,0
884,2001,2,2067.88,1.70,109.00,1784.33,3.24,31523,25982,1737,291,96.10,121.40,6.33,89.75,6491,823,2831,217,1.5810,21665402,1838687500,937500,5125000,22854437500,41375000,19250000,24814110660,9729.32,48.80,0.07,0.01,38.73,48.92,2.55,36.17,8.75,82.42,20.59,2.61,8.98,0.09,0.00,0.02,92.10,0.17,7.63,3.32,7.49,-7.49,1.0477,357.3675,0.0948,52.3635,0
885,2001,2,2067.88,0.70,164.20,451.29,3.96,41151,31672,21110,8816,77.56,106.01,7.13,70.36,14347,1114,1996,239,1.8925,53566767,308500000,76312500,552312500,16696187500,1916187500,54125000,20105296713,10391.67,47.79,1.05,0.44,38.58,52.73,3.55,35.00,11.89,76.97,34.86,2.71,4.85,0.27,0.38,2.75,83.04,9.53,7.63,3.32,6.11,-6.11,2.5904,8.5213,0.3208,2.7955,0
886,2001,2,2067.88,-1.60,318.00,277.71,40.45,181365,51993,76797,50082,9.25,17.89,3.03,2.74,30229,8867,1888,1054,0.3719,120653373,0,8233937500,6493312500,5074875000,2800187500,0,27867468971,4483.68,0.92,2.76,1.80,3.32,6.42,1.09,0.98,37.82,28.67,16.67,4.89,1.04,0.43,29.55,23.30,18.21,10.05,7.63,3.32,5.63,-5.63,5.8346,0.8193,2.3775,4.3088,0
887,2001,2,2067.88,3.80,213.30,304.43,43.01,141772,72609,159856,102331,50.20,60.90,7.1,25.4,46846,6794,1895,1557,23.0963,44496599,0,4462250000,2188812500,6770687500,2542500000,0,16828128473,3296.26,53.70,9.50,6.08,29.83,36.19,4.22,15.09,92.52,51.22,33.04,4.79,1.34,0.26,26.52,13.01,40.23,15.11,7.63,3.32,5.72,-5.72,2.1518,0.6690,0.6572,1.7501,0
875,2002,3,2075.68,3.50,502.60,139.33,31.64,142514,148837,254260,663622,66.23,64.94,4.19,43.99,27477,10053,2582,871,22.9400,29053920,0,4374125000,134250000,691562500,4892562500,0,11120446067,4504.24,72.50,22.86,59.68,59.56,58.40,3.77,39.56,78.32,104.44,19.28,7.05,1.81,0.26,39.33,1.21,6.22,44.00,7.64,3.32,4.94,-4.94,1.3997,0.6444,4.2012,0.5938,0
876,2002,3,2075.68,-0.20,294.90,287.57,5.62,61868,38119,41477,46011,46.68,80.71,8.62,37.61,8836,3496,3432,307,1.0038,48829331,12437500,41687500,72125000,15056125000,1513937500,5250000,17459921514,11008.54,17.86,2.38,2.64,26.74,46.23,4.94,21.54,17.58,61.61,14.28,5.65,5.55,0.28,0.24,0.41,86.23,8.67,7.64,3.32,5.66,-5.66,2.3524,42.9033,0.3243,3.2253,0
877,2002,3,2075.68,-1.20,322.70,843.50,8.48,75460,51547,81313,21686,13.41,29.82,4.29,8.37,16398,3919,4015,1643,0.1672,92184738,13375000,16610625000,2183812500,5868250000,1354250000,187500,28980775619,8898.58,1.97,2.81,0.75,4.63,10.29,1.48,2.89,56.69,68.31,21.73,5.19,5.32,0.32,57.32,7.54,20.25,4.67,7.64,3.32,6.74,-6.74,4.4412,0.4905,1.5709,6.8071,0
878,2002,3,2075.68,0.60,414.20,212.25,28.35,101780,76202,114003,205081,19.91,25.83,2.36,14.03,15815,8066,1943,1214,5.4154,26176135,750000,25520687500,4953000000,3368625000,8621312500,0,54962665833,3590.12,19.10,2.07,3.73,3.62,4.70,0.43,2.55,22.09,74.87,15.54,7.92,1.91,0.05,46.43,9.01,6.13,15.69,7.64,3.32,5.36,-5.36,1.2611,0.0859,0.7771,0.3036,0
879,2002,3,2075.68,-0.20,316.20,205.50,14.33,149703,51203,30910,35194,38.73,77.07,9.71,28.52,46374,14312,3983,357,1.9149,27867545,375000,1470875000,1411937500,9152312500,3958125000,0,18651888617,10446.82,13.36,1.66,1.89,20.76,41.32,5.21,15.29,19.14,34.20,30.98,9.56,2.66,0.15,7.89,7.57,49.07,21.22,7.64,3.32,5.33,-5.33,1.3426,0.9667,0.3045,0.7041,0
880,2002,3,2075.68,-2.70,255.60,278.00,17.23,142403,64062,1916,1978,2.35,2.08,0.3,0.58,12644,5897,3200,504,0.3451,57751975,15812500,13474687500,3870062500,668875000,105125000,0,20048671122,8264.83,2.00,0.10,0.10,1.17,1.04,0.15,0.29,25.14,44.99,8.88,4.14,2.25,0.29,67.21,19.30,3.34,0.52,7.64,3.32,5.63,-5.63,2.7823,0.3330,8.6342,54.9365,0
882,2002,3,2075.68,0.70,321.50,2108.33,15.42,201843,20514,1532,1334,5.24,6.06,0.43,3.91,77449,20438,42519,151,1.4389,35151498,0,125000,125000,639187500,37500000,125000,733740503,13089.69,9.33,2.09,1.82,71.41,82.59,5.86,53.29,205.79,10.16,38.37,10.13,21.07,4.79,0.02,0.02,87.11,5.11,7.64,3.32,7.65,-7.65,1.6935,14060.5992,5.4994,93.7373,0
883,2002,3,2075.68,3.20,353.70,1470.57,30.55,178437,146944,258807,623830,33.96,51.81,6.54,19.11,132866,14534,2430,898,24.3011,35151498,0,202187500,24687500,571625000,8880000000,187500,10419209969,5840.82,79.55,24.84,59.87,32.59,49.73,6.28,18.34,86.19,82.35,74.46,8.15,1.36,0.34,1.94,0.24,5.49,85.23,7.64,3.32,7.29,-7.29,1.6935,15.4938,6.1494,0.3959,0
884,2002,3,2075.68,2.40,277.70,1784.33,3.30,38685,14596,832,1380,108.93,132.72,5.95,102.97,32507,1634,2950,222,1.5893,24068767,1833250000,875000,875000,22781312500,113062500,32312500,24814110660,11722.73,48.16,0.03,0.06,43.90,53.49,2.40,41.50,8.95,37.73,84.03,4.22,7.63,0.10,0.00,0.00,91.81,0.46,7.64,3.32,7.49,-7.49,1.1596,1375.3581,0.1057,21.2880,0
885,2002,3,2075.68,1.40,299.50,451.29,3.97,50477,31017,19110,26300,93.13,123.01,7.49,85.56,32988,1946,2505,239,1.9132,55778004,307500000,57062500,283312500,16608375000,2272937500,16875000,20105296713,12714.61,48.19,0.95,1.31,46.32,61.18,3.73,42.56,11.89,61.45,65.35,3.86,4.96,0.28,0.28,1.41,82.61,11.31,7.64,3.32,6.11,-6.11,2.6872,16.3872,0.3358,2.4540,0
886,2002,3,2075.68,-1.40,382.00,277.71,40.40,204114,92271,73641,92805,10.34,20.44,3.32,3.84,51003,9289,2408,1046,0.4780,124122459,250000,9646500000,4697875000,3631187500,2866750000,0,27867468971,5052.33,1.18,2.64,3.33,3.71,7.33,1.19,1.38,37.53,45.21,24.99,4.55,1.18,0.45,34.62,16.86,13.03,10.29,7.64,3.32,5.63,-5.63,5.9798,0.8653,3.4182,4.3297,0
887,2002,3,2075.68,4.10,482.10,304.43,43.40,174762,112330,157496,393300,62.57,76.94,8.03,36.79,41514,8440,2091,1557,29.6370,47206731,0,5287000000,1160500000,3720187500,4750250000,0,16828128473,4026.77,68.29,9.36,23.37,37.18,45.72,4.77,21.86,92.52,64.28,23.75,4.83,1.20,0.28,31.42,6.90,22.11,28.23,7.64,3.32,5.72,-5.72,2.2743,0.7322,1.2689,0.9938,0
875,2003,4,2023.25,4.20,523.10,139.33,31.70,116114,73822,233144,96881,88.85,99.13,6.55,66.38,53649,6234,1365,871,23.0537,32054685,0,4158125000,196562500,797625000,5113312500,0,11120446067,3662.90,72.72,20.97,8.71,79.90,89.14,5.89,59.69,78.32,63.58,46.20,5.37,1.18,0.29,37.39,1.77,7.17,45.98,7.61,3.31,4.94,-4.94,1.5843,0.7361,4.0188,0.6269,0
876,2003,4,2023.25,-0.70,253.20,287.57,5.84,71158,36709,69864,7086,52.90,87.40,9.2,41.4,52694,3963,3708,307,1.0167,52307670,10687500,26062500,54187500,15448000000,1317562500,1625000,17459921514,12184.59,17.41,4.00,0.41,30.30,50.06,5.27,23.71,17.58,51.59,74.05,5.57,5.21,0.30,0.15,0.31,88.48,7.55,7.61,3.31,5.66,-5.66,2.5853,65.1809,0.3386,3.9700,0
877,2003,4,2023.25,-2.10,363.40,843.50,8.47,84035,68651,81663,26002,17.23,36.46,5,11.46,23135,3941,4602,2448,0.1729,95698784,7125000,17383125000,1701312500,6428937500,1288000000,0,28980775619,9921.49,2.04,2.82,0.90,5.95,12.58,1.73,3.95,84.47,81.69,27.53,4.69,5.48,0.33,59.98,5.87,22.18,4.44,7.61,3.31,6.74,-6.74,4.7300,0.5014,1.4886,7.4300,0
878,2003,4,2023.25,-0.10,562.60,212.25,28.31,88838,61875,120837,107255,27.67,37.09,3.1,21.59,20570,6539,1292,1214,5.6164,28300331,1625000,27241000000,5909500000,2856812500,9978750000,0,54962665833,3138.04,19.84,2.20,1.95,5.03,6.75,0.56,3.93,22.09,69.65,23.15,7.36,1.45,0.05,49.56,10.75,5.20,18.16,7.61,3.31,5.36,-5.36,1.3988,0.0854,0.9906,0.2836,0
879,2003,4,2023.25,-0.70,241.00,205.50,14.43,183930,56406,34631,9305,45.02,85.96,10.36,34.16,68784,15228,4190,357,1.9448,29389659,125000,1178000000,1349875000,10150312500,3620437500,0,18651888617,12746.36,13.48,1.86,0.50,24.14,46.09,5.55,18.31,19.14,30.67,37.40,8.28,2.28,0.16,6.32,7.24,54.42,19.41,7.61,3.31,5.33,-5.33,1.4526,1.1626,0.2895,0.8118,0
880,2003,4,2023.25,-3.40,509.10,278.00,17.11,162340,65355,1970,1780,1.93,1.70,0.21,0.65,19824,6524,3668,905,0.3821,60652285,5312500,14638875000,3269687500,873250000,89125000,0,20048671122,9488.02,2.23,0.10,0.09,0.96,0.85,0.10,0.32,45.14,40.26,12.21,4.02,2.26,0.30,73.02,16.31,4.36,0.44,7.61,3.31,5.63,-5.63,2.9978,0.3387,6.9456,68.0531,0
882,2003,4,2023.25,0.10,183.70,2108.33,15.72,245815,18678,1435,767,5.51,6.31,0.46,4.01,100560,26460,48735,151,1.5023,38416866,125000,1375000,125000,652812500,22687500,0,733740503,15637.09,9.56,1.96,1.05,75.09,86.00,6.27,54.65,205.79,7.60,40.91,10.76,19.83,5.24,0.19,0.02,88.97,3.09,7.61,3.31,7.65,-7.65,1.8988,2561.1244,5.8848,169.3305,0
883,2003,4,2023.25,3.70,489.80,1470.57,31.46,172071,86983,282507,206694,50.71,78.67,9.21,32.62,162696,17448,1052,912,25.0213,38416866,250000,142750000,32125000,714437500,8989375000,500000,10419209969,5469.52,79.53,27.11,19.84,48.67,75.50,8.84,31.31,87.53,50.55,94.55,10.14,0.61,0.37,1.37,0.31,6.86,86.28,7.61,3.31,7.29,-7.29,1.8988,21.9682,5.3772,0.4274,0
884,2003,4,2023.25,1.40,146.40,1784.33,3.46,49910,28988,320,55,119.41,143.00,5.9,113.5,43329,3982,3192,426,1.6065,26743555,1842812500,437500,0,22854312500,40125000,26062500,24814110660,14424.86,46.43,0.01,0.00,48.12,57.63,2.38,45.74,17.17,58.08,86.81,7.98,6.40,0.11,0.00,0.00,92.10,0.16,7.61,3.31,7.49,-7.49,1.3218,6112.8126,0.1170,66.6506,0
885,2003,4,2023.25,0.70,221.00,451.29,4.14,61636,36561,19284,17549,105.10,138.42,8.35,96.67,37884,2725,3105,258,1.9285,58091681,307562500,49937500,208062500,16904062500,2114062500,11937500,20105296713,14887.92,46.58,0.96,0.87,52.27,68.85,4.15,48.08,12.83,59.32,61.46,4.42,5.04,0.29,0.25,1.03,84.08,10.51,7.61,3.31,6.11,-6.11,2.8712,22.5162,0.3437,2.7479,0
886,2003,4,2023.25,-1.60,369.30,277.71,40.13,232606,85128,75526,51400,14.12,26.78,3.88,7.38,55505,10768,1886,1046,0.4514,127716128,0,10582375000,4210437500,5182750000,2379062500,0,27867468971,5796.31,1.12,2.71,1.84,5.07,9.61,1.39,2.65,37.53,36.60,23.86,4.63,0.81,0.46,37.97,15.11,18.60,8.54,7.61,3.31,5.63,-5.63,6.3124,0.8634,2.4643,5.3683,0
887,2003,4,2023.25,4.40,523.10,304.43,43.59,202240,93378,142650,122130,79.18,100.63,9.47,53.28,73751,7691,1545,1557,29.8249,50091375,125000,6290625000,675687500,3597375000,4593500000,0,16828128473,4639.60,68.42,8.48,7.26,47.05,59.80,5.63,31.66,92.52,46.17,36.47,3.80,0.76,0.30,37.38,4.02,21.38,27.30,7.61,3.31,5.72,-5.72,2.4758,0.7191,1.3924,1.0905,0
875,2004,5,2040.78,4.10,232.40,139.33,31.95,212200,206673,290410,521991,127.81,148.10,9.06,102.8,63608,8141,2780,1713,23.7912,35368364,0,3600625000,266562500,635562500,4902687500,0,11120446067,6641.63,74.46,26.11,46.94,114.93,133.18,8.15,92.44,154.04,97.40,29.98,3.84,1.31,0.32,32.38,2.40,5.72,44.09,7.62,3.31,4.94,-4.94,1.7331,0.9146,5.5649,0.7214,0
876,2004,5,2040.78,-0.20,216.80,287.57,5.92,96187,59858,61608,49464,59.68,100.50,10.26,49.2,86002,6613,3974,307,1.2700,56038662,9000000,31062500,55062500,14700000000,1780625000,375000,17459921514,16247.80,21.45,3.53,2.83,34.18,57.56,5.88,28.18,17.58,62.23,89.41,6.88,4.13,0.32,0.18,0.32,84.19,10.20,7.62,3.31,5.66,-5.66,2.7459,65.0667,0.3812,3.1471,0
877,2004,5,2040.78,-1.60,278.40,843.50,8.58,101089,82707,94756,67754,25.05,47.59,5.92,17.99,33125,3451,4920,2766,0.1683,99355706,3687500,17712312500,1367250000,4976875000,2186187500,0,28980775619,11781.93,1.96,3.27,2.34,8.64,16.42,2.04,6.21,95.44,81.82,32.77,3.41,4.87,0.34,61.12,4.72,17.17,7.54,7.62,3.31,6.74,-6.74,4.8685,0.5207,1.9963,4.5447,0
878,2004,5,2040.78,0.10,450.80,212.25,28.22,141147,112061,190666,261410,51.53,67.78,5.35,41.03,23773,7736,2269,1214,5.9656,30599545,1000000,24452375000,6664125000,1656687500,7810937500,0,54962665833,5001.67,21.14,3.47,4.76,9.38,12.33,0.97,7.47,22.09,79.39,16.84,5.48,1.61,0.06,44.49,12.12,3.01,14.21,7.62,3.31,5.36,-5.36,1.4994,0.0983,1.8470,0.3918,0
879,2004,5,2040.78,-0.30,311.50,205.50,14.50,231322,62248,29726,29284,52.71,98.06,11.47,40.71,138585,20188,4478,357,2.2541,30997651,0,1386187500,1173375000,9546875000,3597125000,0,18651888617,15953.24,15.55,1.59,1.57,28.26,52.57,6.15,21.83,19.14,26.91,59.91,8.73,1.94,0.17,7.43,6.29,51.18,19.29,7.62,3.31,5.33,-5.33,1.5189,1.2111,0.3247,0.8617,0
880,2004,5,2040.78,-3.00,343.10,278.00,16.91,200800,86347,2160,2020,2.52,2.33,0.29,0.88,22549,5048,3922,905,0.3609,63703904,3937500,14593125000,3260000000,929687500,84937500,250000,20048671122,11874.63,2.13,0.11,0.10,1.26,1.16,0.14,0.44,45.14,43.00,11.23,2.51,1.95,0.32,72.79,16.26,4.64,0.42,7.62,3.31,5.63,-5.63,3.1215,0.3568,6.8522,75.0009,0
882,2004,5,2040.78,0.70,142.60,2108.33,15.97,350787,20906,1648,690,5.28,5.95,0.43,3.8,195089,35755,52103,155,1.5406,41989147,0,750000,0,636625000,40375000,125000,733740503,21965.37,9.65,2.25,0.94,71.96,81.09,5.86,51.79,211.25,5.96,55.61,10.19,14.85,5.72,0.10,0.00,86.76,5.50,7.62,3.31,7.65,-7.65,2.0575,5598.5529,6.5956,103.9979,0
883,2004,5,2040.78,2.80,299.80,1470.57,32.35,269965,233166,440238,750419,102.00,136.00,12,76,205887,17246,2451,1116,24.2890,41989147,312500,70937500,25312500,823500000,7937187500,625000,10419209969,8345.13,75.08,42.25,72.02,97.90,130.53,11.52,72.94,107.11,86.37,76.26,6.39,0.91,0.40,0.68,0.24,7.90,76.18,7.62,3.31,7.29,-7.29,2.0575,43.6251,5.0989,0.5290,0
884,2004,5,2040.78,2.30,150.60,1784.33,3.45,89493,38668,790,63,100.23,119.73,4.88,95.33,84111,6671,3839,426,1.5721,29718089,1803500000,812500,0,22808062500,103750000,48750000,24814110660,25940.00,45.57,0.03,0.00,40.39,48.25,1.97,38.42,17.17,43.21,93.99,7.45,4.29,0.12,0.00,0.00,91.92,0.42,7.62,3.31,7.49,-7.49,1.4562,3657.6110,0.1303,28.6439,0
885,2004,5,2040.78,1.20,232.90,451.29,4.15,74593,40453,19313,15054,118.10,154.64,9.16,108.84,48532,3605,3731,380,2.0103,60506746,267187500,65562500,165437500,16977000000,1978875000,15500000,20105296713,17974.22,48.44,0.96,0.75,58.74,76.92,4.56,54.13,18.90,54.23,65.06,4.83,5.00,0.30,0.33,0.82,84.44,9.84,7.62,3.31,6.11,-6.11,2.9649,26.1934,0.3564,3.0576,0
886,2004,5,2040.78,-1.20,366.90,277.71,39.54,281610,124055,81148,112780,21.13,40.20,5.75,11.45,47198,13105,2367,1046,0.4519,131425750,0,11562437500,3557250000,3483000000,2599812500,0,27867468971,7122.15,1.14,2.91,4.05,7.58,14.43,2.06,4.11,37.53,44.05,16.76,4.65,0.84,0.47,41.49,12.76,12.50,9.33,7.62,3.31,5.63,-5.63,6.4400,0.8692,3.7733,5.0552,0
887,2004,5,2040.78,4.50,286.40,304.43,43.52,254064,124155,163137,194063,103.59,132.79,11.31,76.24,101862,14369,2282,1557,29.7403,53156958,0,6147625000,602250000,2379812500,5042625000,0,16828128473,5837.87,68.34,9.69,11.53,61.56,78.91,6.72,45.31,92.52,48.87,40.09,5.66,0.90,0.32,36.53,3.58,14.14,29.97,7.62,3.31,5.72,-5.72,2.6047,0.7875,2.2337,1.0542,0
875,2005,6,1962.87,3.50,537.10,139.33,31.91,286184,277581,290497,750500,193.58,226.16,12.98,161.26,87288,7780,3338,1747,23.9001,39014767,0,3395562500,346187500,1052000000,4887562500,0,11120446067,8968.47,74.90,26.12,67.49,174.08,203.37,11.67,145.01,157.10,96.99,30.50,2.72,1.17,0.35,30.53,3.11,9.46,43.95,7.58,3.29,4.94,-4.94,1.9876,1.0427,3.7086,0.7982,0
876,2005,6,1962.87,-0.90,327.30,287.57,5.90,125861,77101,64373,107198,69.74,119.71,12.55,56.96,150000,10217,4433,307,1.2800,60020201,10625000,86187500,121375000,13699437500,2915625000,125000,17459921514,21332.37,21.69,3.69,6.14,39.94,68.56,7.19,32.62,17.58,61.26,119.18,8.12,3.52,0.34,0.49,0.70,78.46,16.70,7.58,3.29,5.66,-5.66,3.0578,28.9167,0.4381,2.0586,0
877,2005,6,1962.87,-1.70,371.80,843.50,8.54,117994,105082,97800,161441,26.89,55.78,7.44,18.58,30667,5380,5514,2766,0.1683,103124750,3250000,18065687500,1896437500,4862312500,2535937500,312500,28980775619,13816.63,1.97,3.37,5.57,9.28,19.25,2.57,6.41,95.44,89.06,25.99,4.56,4.67,0.36,62.34,6.54,16.78,8.75,7.58,3.29,6.74,-6.74,5.2538,0.5166,2.1209,4.0665,0
878,2005,6,1962.87,0.00,484.10,212.25,27.97,169233,147878,191791,326662,66.46,87.43,6.62,54.33,30100,6127,2625,1214,5.9775,33077048,562500,28631062500,7232187500,1607937500,7191312500,0,54962665833,6050.52,21.37,3.49,5.94,12.09,15.91,1.20,9.88,22.09,87.38,17.79,3.62,1.55,0.06,52.09,13.16,2.93,13.08,7.58,3.29,5.36,-5.36,1.6851,0.0922,2.0571,0.4600,0
879,2005,6,1962.87,-1.10,309.50,205.50,14.28,265977,62781,27488,55931,65.42,120.32,13.84,51.12,201453,23719,4781,367,2.1089,32685003,7250000,1629687500,1391000000,10053937500,3243312500,0,18651888617,18625.84,14.77,1.47,3.00,35.07,64.51,7.42,27.41,19.68,23.60,75.74,8.92,1.80,0.18,8.74,7.46,53.90,17.39,7.58,3.29,5.33,-5.33,1.6652,1.0820,0.3251,1.0078,0
880,2005,6,1962.87,-3.30,504.10,278.00,16.72,127746,56499,2198,2783,3.55,3.33,0.39,1.38,26000,4439,4395,980,0.3349,66891351,5312500,14103500000,4335250000,924500000,80750000,0,20048671122,7640.31,2.00,0.11,0.14,1.77,1.66,0.19,0.69,48.88,44.23,20.35,3.47,3.44,0.33,70.35,21.62,4.61,0.40,7.58,3.29,5.63,-5.63,3.4078,0.3628,7.2354,82.8376,0
882,2005,6,1962.87,0.10,194.80,2108.33,16.02,551770,20159,1723,1024,5.31,5.95,0.43,3.8,580000,55777,58393,160,2.2548,45881934,0,1250000,0,652437500,24187500,0,733740503,34442.57,14.07,2.35,1.40,72.37,81.09,5.86,51.79,218.06,3.65,105.12,10.11,10.58,6.25,0.17,0.00,88.92,3.30,7.58,3.29,7.65,-7.65,2.3375,3670.5547,7.0324,189.6928,0
883,2005,6,1962.87,2.50,400.30,1470.57,32.58,254765,247003,459333,815053,162.73,199.60,12.93,134.95,146304,10949,2185,1142,23.3350,45881934,437500,130062500,34562500,1153812500,7900125000,125000,10419209969,7819.67,71.62,44.09,78.23,156.18,191.57,12.41,129.52,109.61,96.95,57.43,4.30,0.86,0.44,1.25,0.33,11.07,75.82,7.58,3.29,7.29,-7.29,2.3375,27.8706,3.9766,0.5808,0
884,2005,6,1962.87,1.90,120.90,1784.33,3.35,167016,32750,2668,1200,123.95,142.44,4.64,119.24,85000,10341,4265,487,1.5415,33015203,1813437500,500000,437500,22863750000,20375000,65937500,24814110660,49855.52,46.01,0.11,0.05,49.95,57.40,1.87,48.05,19.63,19.61,50.89,6.19,2.55,0.13,0.00,0.00,92.14,0.08,7.58,3.29,7.49,-7.49,1.6820,3521.6217,0.1444,162.0378,0
885,2005,6,1962.87,0.60,209.20,451.29,4.02,74861,56521,21313,32304,100.82,136.48,8.94,91.78,61078,2160,4257,402,2.0440,63005394,240500000,98062500,223125000,17267125000,1692187500,36812500,20105296713,18622.14,50.85,1.06,1.61,50.15,67.88,4.45,45.65,19.99,75.50,81.59,2.89,5.69,0.31,0.49,1.11,85.88,8.42,7.58,3.29,6.11,-6.11,3.2099,19.6164,0.3649,3.7233,0
886,2005,6,1962.87,-1.80,349.20,277.71,38.93,319130,161639,92813,168248,24.60,45.88,6.33,14.23,43042,13798,2918,1046,0.4389,135206586,1187500,12115312500,4757187500,4081687500,2340437500,0,27867468971,8197.53,1.13,3.33,6.04,8.83,16.46,2.27,5.11,37.53,50.65,13.49,4.32,0.91,0.49,43.47,17.07,14.65,8.40,7.58,3.29,5.63,-5.63,6.8882,0.8013,3.3125,5.7770,0
887,2005,6,1962.87,3.70,537.50,304.43,43.10,295849,187237,213453,501500,95.35,139.24,14.63,66.09,125083,16191,2760,1557,29.3903,56395379,0,6263500000,604625000,3211312500,5048062500,0,16828128473,6864.25,68.19,12.68,29.80,56.66,82.74,8.69,39.27,92.52,63.29,42.28,5.47,0.93,0.34,37.22,3.59,19.08,30.00,7.58,3.29,5.72,-5.72,2.8731,0.8211,1.7561,1.1172,0
875,2006,7,1961.46,2.90,296.70,391.13,32.75,360637,288689,283831,750983,202.05,238.95,13.81,169.9,132488,4923,3760,1747,24.0472,43071799,0,3567000000,195125000,1258500000,4498000000,0,11120446067,11011.82,73.43,25.52,67.53,181.69,214.87,12.42,152.78,157.10,80.05,36.74,1.37,1.04,0.39,32.08,1.75,11.32,40.45,7.58,3.29,5.97,-5.97,2.1959,1.1449,3.4225,0.9576,0
876,2006,7,1961.46,-0.60,250.70,328.25,5.94,185527,85001,63764,143690,70.98,123.96,13.28,57.56,180313,7769,4963,193,1.2800,64337999,24062500,97062500,122125000,14661875000,1676812500,0,17459921514,31233.50,21.55,3.65,8.23,40.65,71.00,7.61,32.97,11.05,45.82,97.19,4.19,2.68,0.37,0.56,0.70,83.97,9.60,7.58,3.29,5.79,-5.79,3.2801,29.3530,0.4388,3.8369,0
877,2006,7,1961.46,-2.40,311.10,962.50,8.52,135495,114454,105035,219779,28.99,59.92,7.93,20.27,33403,2124,6291,2768,0.1713,107128474,7312500,17457250000,2423312500,4942375000,2009500000,0,28980775619,15903.17,2.01,3.62,7.58,10.00,20.68,2.74,6.99,95.51,84.47,24.65,1.57,4.64,0.37,60.24,8.36,17.05,6.93,7.58,3.29,6.87,-6.87,5.4617,0.5389,2.1676,5.3311,0
878,2006,7,1961.46,-0.70,460.30,247.86,28.03,181525,132249,184205,250910,69.23,98.02,8.86,53.72,27555,2462,2221,1214,6.3933,35784556,1687500,28067062500,7208000000,1293000000,5601812500,0,54962665833,6476.10,22.81,3.35,4.57,12.60,17.83,1.61,9.77,22.09,72.85,15.18,1.36,1.22,0.07,51.07,13.11,2.35,10.19,7.58,3.29,5.51,-5.51,1.8244,0.1014,2.7676,0.6388,0
879,2006,7,1961.46,-0.90,227.00,241.86,14.33,314501,69758,27488,59082,60.59,114.07,13.47,46.72,301934,12884,5200,390,2.5413,34493271,82500000,1961562500,1257375000,9925625000,2952375000,0,18651888617,21947.03,17.73,1.47,3.17,32.48,61.16,7.22,25.05,20.91,22.18,96.00,4.10,1.65,0.18,10.52,6.74,53.22,15.83,7.58,3.29,5.49,-5.49,1.7586,1.0716,0.3475,1.1683,0
880,2006,7,1961.46,-3.70,425.30,378.33,16.57,158682,62358,2024,3981,2.76,2.59,0.3,1.09,30330,2353,5015,980,0.3567,70297766,4812500,12146812500,5931000000,912437500,73250000,0,20048671122,9576.46,2.15,0.10,0.20,1.38,1.29,0.15,0.54,48.88,39.30,19.11,1.48,3.16,0.35,60.59,29.58,4.55,0.37,7.58,3.29,5.94,-5.94,3.5840,0.3889,7.7044,95.9696,0
882,2006,7,1961.46,-0.10,185.20,1904.17,16.13,641539,20985,1723,1024,5.33,5.93,0.43,3.78,310000,54960,66622,214,2.2488,50176418,0,625000,0,661250000,14937500,0,733740503,39773.03,13.94,2.35,1.40,72.64,80.82,5.86,51.52,291.66,3.27,48.32,8.57,10.38,6.84,0.09,0.00,90.12,2.04,7.58,3.29,7.55,-7.55,2.5581,8028.2269,7.5881,335.9091,0
883,2006,7,1961.46,1.70,364.50,1532.27,32.93,300747,258090,445998,882560,140.25,179.39,12.99,114.44,121487,5675,2912,1719,24.3322,50176418,16125000,119687500,43437500,1028500000,7660562500,687500,10419209969,9132.92,73.89,42.81,84.71,134.61,172.17,12.47,109.84,164.98,85.82,40.40,1.89,0.97,0.48,1.15,0.42,9.87,73.52,7.58,3.29,7.33,-7.33,2.5581,30.7595,4.8786,0.6550,0
884,2006,7,1961.46,1.60,179.10,1658.25,3.38,198991,36542,1000,55,113.21,129.29,4.04,109.09,154649,8859,4710,523,1.6108,36707478,1754500000,562500,125000,22933062500,2625000,73250000,24814110660,58873.08,47.66,0.04,0.00,45.62,52.10,1.63,43.96,21.08,18.36,77.72,4.45,2.37,0.15,0.00,0.00,92.42,0.01,7.58,3.29,7.41,-7.41,1.8714,5339.2695,0.1601,1398.3801,0
885,2006,7,1961.46,0.80,307.20,453.75,4.01,97150,62154,23400,46031,97.51,133.98,9.14,88.28,120948,1267,4815,743,1.8794,65663250,198000000,148437500,193875000,17655625000,1344375000,33250000,20105296713,24226.93,46.87,1.16,2.29,48.50,66.64,4.55,43.91,36.96,63.98,124.50,1.30,4.96,0.33,0.74,0.96,87.82,6.69,7.58,3.29,6.12,-6.12,3.3477,19.1823,0.3719,4.8843,0
886,2006,7,1961.46,-2.00,354.90,323.00,38.55,416084,179859,100681,243878,25.15,49.53,6.84,15.33,60738,7549,3285,1643,0.4200,139216420,42312500,11861187500,4986187500,3020937500,2501625000,0,27867468971,10793.36,1.09,3.61,8.75,9.02,17.77,2.45,5.50,58.96,43.23,14.60,1.81,0.79,0.50,42.56,17.89,10.84,8.98,7.58,3.29,5.78,-5.78,7.0976,0.8263,4.6084,5.5650,0
887,2006,7,1961.46,3.20,352.40,386.67,43.17,364834,199215,205529,415108,120.74,162.53,14,92.53,105085,7058,3064,1557,29.8290,59881238,375000,5834375000,594187500,4178812500,3824312500,0,16828128473,8451.10,69.10,12.21,24.67,71.75,96.58,8.32,54.99,92.52,54.60,28.80,1.93,0.84,0.36,34.67,3.53,24.83,22.73,7.58,3.29,5.96,-5.96,3.0529,0.9315,1.4330,1.5658,0
875,2007,8,1945.00,5.10,377.60,209.64,33.44,490323,377054,290497,1000576,160.10,205.40,12.8,141.4,260036,8329,4430,2138,24.1027,47547847,0,3979812500,222625000,1275250000,4805812500,0,11120446067,14662.77,72.08,26.12,89.98,143.97,184.70,11.51,127.15,192.26,76.90,53.03,1.70,0.90,0.43,35.79,2.00,11.47,43.22,7.57,3.29,5.35,-5.35,2.4446,1.1314,3.7285,0.9894,0
876,2007,8,1945.00,0.80,232.20,291.33,5.98,231185,85697,64103,109355,50.60,93.04,10.65,39.79,209778,19010,5817,193,1.3024,68962140,13687500,43000000,20312500,13975500000,2263250000,1125000,17459921514,38659.70,21.78,3.67,6.26,28.98,53.29,6.10,22.79,11.05,37.07,90.74,8.22,2.52,0.39,0.25,0.12,80.04,12.96,7.57,3.29,5.67,-5.67,3.5456,108.9234,0.4935,3.0470,0
877,2007,8,1945.00,-0.70,208.10,954.92,8.51,157553,122452,106926,224272,17.58,42.97,6.5,10.47,40829,2620,6912,2768,0.1936,111280519,3625000,18118937500,1416625000,5130062500,1620437500,0,28980775619,18513.87,2.27,3.69,7.74,6.07,14.83,2.24,3.61,95.51,77.72,25.91,1.66,4.39,0.38,62.52,4.89,17.70,5.59,7.57,3.29,6.86,-6.86,5.7214,0.5696,2.1692,6.8673,0
878,2007,8,1945.00,1.40,353.30,264.08,28.04,200266,146086,187502,207295,31.06,47.94,5.6,19.94,29967,3232,2063,1214,6.1698,38711307,2562500,33287062500,4471312500,1837875000,5768750000,0,54962665833,7142.15,22.00,3.41,3.77,5.65,8.72,1.02,3.63,22.09,72.95,14.96,1.61,1.03,0.07,60.56,8.14,3.34,10.50,7.57,3.29,5.58,-5.58,1.9903,0.1025,2.1063,0.6711,0
879,2007,8,1945.00,1.20,210.50,379.83,14.38,334102,77595,27913,14147,43.20,83.25,10.18,32.35,371138,19010,5738,574,2.2772,36399287,24312500,1430187500,1423375000,10646562500,2168750000,0,18651888617,23233.80,15.84,1.50,0.76,23.16,44.63,5.46,17.34,30.77,23.22,111.09,5.69,1.72,0.20,7.67,7.63,57.08,11.63,7.57,3.29,5.94,-5.94,1.8714,1.2756,0.3419,1.6784,0
880,2007,8,1945.00,-2.00,333.10,330.27,16.49,181593,75473,2046,3915,2.12,2.12,0.27,0.77,35492,3060,5510,980,1.2137,73872978,2937500,13377125000,4246125000,925937500,91500000,0,20048671122,11012.31,7.36,0.10,0.20,1.06,1.06,0.13,0.38,48.88,41.56,19.54,1.69,3.03,0.37,66.72,21.18,4.62,0.46,7.57,3.29,5.80,-5.80,3.7981,0.4192,7.9782,80.7355,0
882,2007,8,1945.00,1.70,235.80,1817.50,16.34,796410,28123,1723,1024,6.77,4.67,0.33,3.02,435000,86150,73198,214,1.7656,54869525,0,750000,750000,649625000,26000000,125000,733740503,48739.90,10.81,2.35,1.40,92.27,63.65,4.50,41.16,291.66,3.53,54.62,10.82,9.19,7.48,0.10,0.10,88.54,3.54,7.57,3.29,7.51,-7.51,2.8211,3657.9683,8.4463,211.0366,0
883,2007,8,1945.00,4.00,374.10,1481.92,33.85,397401,371959,433007,1068403,159.89,222.32,19.76,123.52,132627,4700,3396,1732,23.7897,54869525,52625000,235687500,83562500,1266812500,7839437500,2937500,10419209969,11740.06,70.28,41.56,102.54,153.46,213.38,18.96,118.55,166.23,93.60,33.37,1.18,0.85,0.53,2.26,0.80,12.16,75.24,7.57,3.29,7.30,-7.30,2.8211,17.1870,4.3313,0.6999,0
884,2007,8,1945.00,3.60,230.80,1595.92,3.42,289632,41038,1207,492,121.27,135.63,3.59,117.68,147000,13463,5965,691,1.6175,40810240,1745937500,562500,125000,22897812500,13750000,105875000,24814110660,84687.72,47.30,0.05,0.02,48.87,54.66,1.45,47.42,27.85,14.17,50.75,4.65,2.06,0.16,0.00,0.00,92.28,0.06,7.57,3.29,7.38,-7.38,2.0982,5936.0349,0.1782,296.8017,0
885,2007,8,1945.00,2.70,234.00,421.08,4.09,122089,49245,20195,8474,71.78,103.96,8.06,63.66,212609,2638,5995,743,1.8977,68428863,157625000,133812500,160125000,18139500000,831562500,78625000,20105296713,29850.61,46.40,1.00,0.42,35.70,51.71,4.01,31.66,36.96,40.34,174.14,2.16,4.91,0.34,0.67,0.80,90.22,4.14,7.57,3.29,6.04,-6.04,3.5182,23.2801,0.3772,8.2290,0
886,2007,8,1945.00,0.10,231.70,262.08,38.19,528577,200000,110232,220892,29.81,52.26,6.84,18.06,140161,19729,3650,1898,0.4640,143335920,18562500,11920125000,4002000000,3697875000,2277125000,0,27867468971,13840.72,1.21,3.96,7.93,10.70,18.75,2.45,6.48,68.11,37.84,26.52,3.73,0.69,0.51,42.77,14.36,13.27,8.17,7.57,3.29,5.57,-5.57,7.3695,0.9002,3.8762,6.2946,0
887,2007,8,1945.00,5.30,328.30,419.18,43.22,494888,285058,210028,622345,82.42,121.99,11.41,64.94,141682,7848,3586,1557,29.8578,63578583,0,6263875000,620187500,4180062500,4107125000,0,16828128473,11450.44,69.08,12.48,36.98,48.98,72.49,6.78,38.59,92.52,57.60,28.63,1.59,0.72,0.38,37.22,3.69,24.84,24.41,7.57,3.29,6.04,-6.04,3.2688,0.9236,1.5210,1.5480,0
875,2008,9,1825.14,4.70,419.80,228.50,33.08,623000,437556,290497,1160531,155.59,207.70,15.35,130.95,320323,10591,5355,2138,23.2076,52488948,0,3923000000,187562500,1096312500,5157812500,0,11120446067,18833.13,70.16,26.12,104.36,139.91,186.77,13.80,117.76,192.26,70.23,51.42,1.70,0.86,0.47,35.28,1.69,9.86,46.38,7.51,3.26,5.43,-5.43,2.8759,1.2769,4.7878,1.0177,0
876,2008,9,1825.14,0.40,319.00,301.92,6.00,313300,99426,63450,140584,52.71,97.24,11.18,41.34,345694,12490,7212,1066,1.3025,73918484,10500000,39500000,16812500,15288937500,906812500,687500,17459921514,52216.67,21.71,3.63,8.05,30.19,55.69,6.40,23.68,61.05,31.74,110.34,3.99,2.30,0.42,0.23,0.10,87.57,5.19,7.51,3.26,5.71,-5.71,4.0500,131.2648,0.4835,8.1515,0
877,2008,9,1825.14,-1.00,360.30,976.92,8.53,191500,135889,122345,200499,19.48,47.50,7.15,11.75,55121,7187,8600,2768,0.3090,115593251,437500,17468750000,1780812500,5773250000,1052937500,250000,28980775619,22450.18,3.62,4.22,6.92,6.72,16.39,2.47,4.05,95.51,70.96,28.78,3.75,4.49,0.40,60.28,6.14,19.92,3.63,7.51,3.26,6.88,-6.88,6.3334,0.6005,2.0022,10.9782,0
878,2008,9,1825.14,1.30,724.90,247.92,28.22,244800,173884,180839,300672,30.80,41.63,3.88,22.23,46224,4657,3715,1214,6.2512,41877350,875000,32216937500,4969625000,2581062500,6909312500,0,54962665833,8674.70,22.15,3.29,5.47,5.60,7.57,0.71,4.04,22.09,71.03,18.88,1.90,1.52,0.08,58.62,9.04,4.70,12.57,7.51,3.26,5.51,-5.51,2.2945,0.1126,1.6225,0.6061,0
879,2008,9,1825.14,0.50,319.50,400.33,14.44,438500,82486,29263,41877,50.87,99.76,12.42,37.66,430000,25858,7050,870,2.8444,38410548,0,1187562500,1620000000,10738312500,1858562500,0,18651888617,30367.04,19.70,1.57,2.25,27.27,53.49,6.66,20.19,46.64,18.81,98.06,5.90,1.61,0.21,6.37,8.69,57.57,9.96,7.51,3.26,5.99,-5.99,2.1045,1.3681,0.3577,2.0667,0
880,2008,9,1825.14,-2.40,455.70,322.67,16.31,212000,99698,2909,6311,2.21,2.10,0.26,0.8,45590,4381,6855,980,1.4656,77629862,250000,13337562500,4097375000,1068937500,75125000,0,20048671122,12998.16,8.99,0.15,0.31,1.10,1.05,0.13,0.40,48.88,47.03,21.50,2.07,3.23,0.39,66.53,20.44,5.33,0.37,7.51,3.26,5.78,-5.78,4.2534,0.4453,7.2623,103.3343,0
882,2008,9,1825.14,1.20,346.70,1729.58,16.54,1100000,38498,1370,893,7.13,5.27,0.34,3.57,633622,113282,91074,367,1.7896,60001472,0,750000,500000,669375000,6437500,187500,733740503,66505.44,10.82,1.87,1.22,97.17,71.82,4.63,48.65,500.18,3.50,57.60,10.30,8.28,8.18,0.10,0.07,91.23,0.88,7.51,3.26,7.46,-7.46,3.2875,4800.1178,8.9638,932.0617,0
883,2008,9,1825.14,4.20,489.90,1177.50,33.85,474100,419318,448002,1223431,118.72,186.63,18.51,94.08,170432,6019,5267,1732,23.9425,60001472,63187500,144062500,108000000,866437500,8526000000,5875000,10419209969,14005.91,70.73,43.00,117.42,113.94,179.12,17.77,90.29,166.23,88.45,35.95,1.27,1.11,0.58,1.38,1.04,8.32,81.83,7.51,3.26,7.07,-7.07,3.2875,23.8042,6.9251,0.7037,0
884,2008,9,1825.14,3.00,301.40,1549.58,3.43,354300,48886,1208,334,122.31,136.72,3.64,118.52,462491,18822,6980,493,1.6181,45371478,1700187500,0,125000,22950437500,33625000,80125000,24814110660,103294.46,47.17,0.05,0.01,49.29,55.10,1.47,47.76,19.87,13.80,130.54,5.31,1.97,0.18,0.00,0.00,92.49,0.14,7.51,3.26,7.35,-7.35,2.4859,36297.1824,0.1977,134.9338,0
885,2008,9,1825.14,1.90,272.60,461.42,4.19,151000,62501,16016,34587,73.71,106.90,8.32,65.3,261838,6617,7085,743,1.9782,71310813,153250000,93812500,202562500,18285562500,732187500,31062500,20105296713,36038.19,47.21,0.80,1.72,36.66,53.17,4.14,32.48,36.96,41.39,173.40,4.38,4.69,0.35,0.47,1.01,90.95,3.64,7.51,3.26,6.13,-6.13,3.9071,24.0610,0.3900,9.7394,0
886,2008,9,1825.14,-0.80,416.50,270.67,37.87,700000,301098,134562,353001,29.96,61.60,8.65,18.35,252246,17967,4900,2068,0.4728,147577015,0,12009687500,3669312500,4192250000,1921875000,0,27867468971,18484.29,1.25,4.83,12.67,10.75,22.10,3.10,6.58,74.21,43.01,36.04,2.57,0.70,0.53,43.10,13.17,15.04,6.90,7.51,3.26,5.60,-5.60,8.0858,0.9412,3.5202,7.6788,0
887,2008,9,1825.14,4.60,518.70,385.58,43.26,668500,372157,208590,698259,78.32,130.20,14.5,57.7,271386,10027,4880,1559,26.2981,67504083,0,5749875000,928437500,5340187500,3173125000,0,16828128473,15453.07,60.79,12.40,41.49,46.54,77.37,8.62,34.29,92.64,55.67,40.60,1.50,0.73,0.40,34.17,5.52,31.73,18.86,7.51,3.26,5.95,-5.95,3.6986,1.0108,1.2641,2.1274,0
875,2009,10,1784.13,3.00,504.30,206.82,33.18,756512,459532,290497,1210500,166.85,228.13,16.71,144.58,552843,19277,5910,2138,23.2693,57951179,0,3940562500,191812500,2126750000,3703500000,125000,11120446067,22800.24,70.13,26.12,108.85,150.04,205.14,15.03,130.01,192.26,60.74,73.08,2.55,0.78,0.52,35.44,1.72,19.12,33.30,7.49,3.25,5.33,-5.33,3.2481,1.4024,2.7249,1.5648,0
876,2009,10,1784.13,-1.10,379.80,295.27,6.00,403304,108396,67242,165178,57.49,107.17,12.5,44.67,555307,21321,8049,1200,1.3035,79241826,15062500,46687500,33625000,14165500000,2143250000,750000,17459921514,67217.33,21.73,3.85,9.46,32.93,61.38,7.16,25.58,68.73,26.88,137.69,5.29,2.00,0.45,0.27,0.19,81.13,12.28,7.49,3.25,5.69,-5.69,4.4415,98.6669,0.5594,3.6973,0
877,2009,10,1784.13,-2.20,381.50,982.45,8.50,239475,149803,104111,245500,25.16,56.53,8.04,16.33,90009,9456,9965,2768,0.5118,120089990,11312500,18555500000,747000000,5332250000,1643937500,0,28980775619,28173.53,6.02,3.59,8.47,8.68,19.51,2.77,5.63,95.51,62.55,37.59,3.95,4.16,0.41,64.03,2.58,18.40,5.67,7.49,3.25,6.89,-6.89,6.7310,0.6221,2.2521,7.3050,0
878,2009,10,1784.13,-0.10,551.80,229.75,28.07,310156,188312,201135,290678,30.82,42.00,4,22,71860,6188,4292,1481,6.1060,45308441,1750000,33495437500,3620812500,2137562500,6241000000,0,54962665833,11049.38,21.75,3.66,5.29,5.61,7.64,0.73,4.00,26.95,60.72,23.17,2.00,1.38,0.08,60.94,6.59,3.89,11.35,7.49,3.25,5.44,-5.44,2.5395,0.1221,2.1196,0.7260,0
879,2009,10,1784.13,-1.20,368.10,401.67,14.42,537185,88474,26388,50509,57.90,112.06,13.84,42.86,604314,39351,7883,1109,2.7593,40538546,0,1265812500,1817375000,9954562500,2267250000,0,18651888617,37252.77,19.14,1.41,2.71,31.04,60.08,7.42,22.98,59.46,16.47,112.50,7.33,1.47,0.22,6.79,9.74,53.37,12.16,7.49,3.25,6.00,-6.00,2.2722,1.3148,0.4072,1.7880,0
880,2009,10,1784.13,-3.40,563.00,266.33,16.09,232803,102300,2909,6374,1.88,1.62,0.21,0.57,85342,6468,7943,980,2.1046,81589132,10500000,15783062500,1699937500,826687500,117437500,0,20048671122,14468.80,13.08,0.15,0.32,0.94,0.81,0.10,0.28,48.88,43.94,36.66,2.78,3.41,0.41,78.72,8.48,4.12,0.59,7.49,3.25,5.58,-5.58,4.5730,0.4667,9.8694,69.4745,0
882,2009,10,1784.13,-0.70,235.70,729.92,16.70,1203938,40747,1362,866,6.90,5.01,0.33,3.36,653898,105533,105533,397,1.8058,65622164,0,500000,375000,659562500,16437500,0,733740503,72092.10,10.81,1.86,1.18,94.04,68.28,4.50,45.79,541.06,3.38,54.31,8.77,8.77,8.94,0.07,0.05,89.89,2.24,7.49,3.25,6.59,-6.59,3.6781,7499.6759,9.9493,399.2223,0
883,2009,10,1784.13,2.10,525.10,972.55,33.82,568893,440221,469926,1264000,130.74,190.20,16.31,108.65,209599,7425,5688,1854,24.1694,65622164,80062500,161187500,57875000,1017750000,7695187500,3500000,10419209969,16821.20,71.46,45.10,121.31,125.48,182.55,15.65,104.28,177.94,77.38,36.84,1.31,1.00,0.63,1.55,0.56,9.77,73.86,7.49,3.25,6.88,-6.88,3.6781,29.9559,6.4478,0.8528,0
884,2009,10,1784.13,0.90,215.30,1470.92,3.45,376538,53084,1527,403,118.12,137.02,4.77,113.17,283996,23481,7849,493,1.6377,50449132,1695125000,375000,0,23008437500,14687500,46125000,24814110660,109141.45,47.47,0.06,0.02,47.60,55.22,1.92,45.61,19.87,14.10,75.42,6.24,2.08,0.20,0.00,0.00,92.72,0.06,7.49,3.25,7.29,-7.29,2.8277,13453.1019,0.2193,343.4835,0
885,2009,10,1784.13,0.30,231.30,471.67,4.21,186854,68344,16350,40814,68.54,114.82,11.6,56.82,365165,13676,7893,743,1.9544,74324543,154250000,114500000,231187500,17897000000,1014500000,49125000,20105296713,44383.37,46.42,0.81,2.03,34.09,57.11,5.77,28.26,36.96,36.58,195.43,7.32,4.22,0.37,0.57,1.15,89.02,5.05,7.49,3.25,6.16,-6.16,4.1659,21.5005,0.4153,7.3262,0
886,2009,10,1784.13,-2.00,487.30,230.83,37.49,902159,322276,143243,408013,29.84,49.22,5.63,21.07,425510,26738,5715,2068,0.4856,151965128,0,13958500000,2536875000,3927562500,1647812500,0,27867468971,24063.99,1.30,5.14,14.64,10.71,17.66,2.02,7.56,74.21,35.72,47.17,2.96,0.63,0.55,50.09,9.10,14.09,5.91,7.49,3.25,5.44,-5.44,8.5176,0.9213,3.8692,9.2222,0
887,2009,10,1784.13,3.00,527.20,390.83,42.99,861833,400984,213470,758017,119.57,175.79,15.93,96.14,555021,13280,5694,1559,25.9724,71681803,0,6281000000,734687500,4890750000,2754125000,0,16828128473,20047.29,60.41,12.69,45.04,71.05,104.46,9.47,57.13,92.64,46.53,64.40,1.54,0.66,0.43,37.32,4.37,29.06,16.37,7.49,3.25,5.97,-5.97,4.0177,1.0217,1.4657,2.6027,0
875,2010,11,1778.99,2.70,498.20,226.70,33.01,900173,541470,286939,1410146,168.65,230.24,16.81,146.19,692944,24556,6671,2410,22.9673,64012898,0,3841312500,197500000,446437500,5098875000,0,11120446067,27269.71,69.58,25.80,126.81,151.66,207.04,15.12,131.46,216.72,60.15,76.98,2.73,0.74,0.58,34.54,1.78,4.01,45.85,7.48,3.25,5.42,-5.42,3.5983,1.5849,14.3386,1.2554,1
876,2010,11,1778.99,-1.60,277.50,260.55,5.88,527627,115374,69925,69050,64.94,116.23,12.91,51.68,770839,36755,9345,1238,2.3835,84991015,14437500,93500000,129250000,13187562500,3076937500,1812500,17459921514,89732.48,40.54,4.00,3.95,37.19,66.57,7.39,29.60,70.91,21.87,146.10,6.97,1.77,0.49,0.54,0.74,75.53,17.62,7.48,3.25,5.56,-5.56,4.7775,38.1553,0.6445,2.7622,1
877,2010,11,1778.99,-2.40,293.40,1021.45,8.43,268578,164246,101418,180897,27.89,60.45,8.35,18.7,113461,13842,11110,2766,0.1974,124826033,10187500,18546500000,919187500,3898875000,3032375000,0,28980775619,31859.79,2.34,3.50,6.24,9.62,20.86,2.88,6.45,95.44,61.15,42.25,5.15,4.14,0.43,64.00,3.17,13.45,10.46,7.48,3.25,6.93,-6.93,7.0167,0.6413,3.2016,4.1164,1
878,2010,11,1778.99,-0.60,521.10,254.80,27.75,380344,233403,217532,351091,38.78,45.82,2.97,30.97,80325,9099,4829,2445,6.1084,49044935,1812500,33176500000,4368312500,1582875000,6801437500,0,54962665833,13706.09,22.01,3.96,6.39,7.06,8.34,0.54,5.63,44.48,61.37,21.12,2.39,1.27,0.09,60.36,7.95,2.88,12.37,7.48,3.25,5.54,-5.54,2.7569,0.1306,3.0985,0.7211,1
879,2010,11,1778.99,-1.50,298.80,413.25,14.44,651481,96999,16436,29697,59.23,105.61,11.9,46.11,1005939,53524,9067,1109,2.8805,42806169,250000,1787687500,1818062500,9210875000,2977000000,0,18651888617,45116.41,19.95,0.88,1.59,31.76,56.62,6.38,24.72,59.46,14.89,154.41,8.22,1.39,0.23,9.58,9.75,49.38,15.96,7.48,3.25,6.02,-6.02,2.4062,1.1872,0.4647,1.4379,1
880,2010,11,1778.99,-3.50,366.10,245.11,15.97,265583,126411,2831,4960,1.71,1.73,0.24,0.53,85501,10301,8856,979,1.8137,85794069,18750000,16247125000,1678750000,832625000,120687500,0,20048671122,16630.12,11.36,0.14,0.25,0.85,0.86,0.12,0.26,48.83,47.60,32.19,3.88,3.33,0.43,81.04,8.37,4.15,0.60,7.48,3.25,5.50,-5.50,4.8226,0.4786,10.3040,71.0878,1
882,2010,11,1778.99,-1.80,231.20,523.82,16.83,1273119,45288,1200,1170,5.95,4.86,0.31,3.31,312121,79672,117655,418,1.6187,71804556,0,250000,875000,667437500,8062500,0,733740503,75645.81,9.62,1.64,1.59,81.09,66.24,4.22,45.11,569.68,3.56,24.52,6.26,9.24,9.79,0.03,0.12,90.96,1.10,7.48,3.25,6.26,-6.26,4.0363,6382.6272,10.7582,890.5991,1
883,2010,11,1778.99,2.00,438.50,920.67,34.06,675080,532838,464720,1469682,138.47,194.43,15.45,117.18,238301,12446,6372,1938,24.5300,71804556,100687500,130312500,59437500,318437500,8351187500,5437500,10419209969,19820.32,72.02,44.60,141.06,132.90,186.61,14.83,112.47,186.00,78.93,35.30,1.84,0.94,0.69,1.25,0.57,3.06,80.15,7.48,3.25,6.83,-6.83,4.0363,37.8417,22.5490,0.8598,1
884,2010,11,1778.99,0.60,159.80,1406.36,3.50,461475,55165,1742,380,101.02,121.13,5.07,95.78,127717,29794,9057,1066,1.6207,56122084,1603687500,1500000,62500,22987437500,116937500,52875000,24814110660,131850.00,46.31,0.07,0.02,40.71,48.81,2.04,38.60,42.96,11.95,27.68,6.46,1.96,0.23,0.01,0.00,92.64,0.47,7.48,3.25,7.25,-7.25,3.1547,3591.8134,0.2441,47.9932,1
885,2010,11,1778.99,0.00,216.20,465.80,4.14,226035,80163,24016,49790,77.38,125.30,11.99,65.35,465996,19094,9101,743,1.8537,77505481,149125000,147687500,259187500,17365312500,1572125000,17437500,20105296713,54597.83,44.78,1.19,2.48,38.49,62.32,5.96,32.50,36.96,35.46,206.16,8.45,4.03,0.39,0.73,1.29,86.37,7.82,7.48,3.25,6.14,-6.14,4.3567,19.0490,0.4463,4.9300,1
886,2010,11,1778.99,-2.20,336.60,194.13,37.26,1173970,407915,113465,430131,30.68,50.68,5.79,21.73,613918,40260,6609,2068,0.4937,156565181,0,14556937500,3096562500,3107375000,1922250000,125000,27867468971,31507.51,1.33,4.07,15.43,11.01,18.19,2.08,7.80,74.21,34.75,52.29,3.43,0.56,0.56,52.24,11.11,11.15,6.90,7.48,3.25,5.27,-5.27,8.8008,0.8869,5.0385,8.1449,1
887,2010,11,1778.99,2.70,588.60,400.70,42.88,1044306,501030,218499,957987,122.54,179.82,16.21,98.77,820172,22373,6406,1559,29.7008,76156500,0,6171312500,900250000,2421500000,3950187500,0,16828128473,24354.15,69.26,12.98,56.93,72.82,106.86,9.63,58.69,92.64,47.98,78.54,2.14,0.61,0.45,36.67,5.35,14.39,23.47,7.48,3.25,5.99,-5.99,4.2809,1.0769,3.1450,1.9279,1
875,2011,12,1722.66,3.90,521.80,229.33,32.96,1093703,631068,310784,1446000,169.37,231.55,16.91,147,781899,30579,7992,2410,25.4300,70750004,0,3765687500,208437500,543000000,4413062500,125000,11120446067,33182.74,77.15,27.95,130.03,152.31,208.22,15.21,132.19,216.72,57.70,71.49,2.80,0.73,0.64,33.86,1.87,4.88,39.68,7.45,3.24,5.44,-5.44,4.1070,1.7803,13.0295,1.6032,1
876,2011,12,1722.66,-1.60,416.00,287.17,5.90,646845,128884,74945,75944,65.02,117.25,13.14,51.55,409254,34671,11433,1238,1.4100,91212194,14562500,99437500,136875000,11936312500,4576375000,3437500,17459921514,109634.75,23.90,4.29,4.35,37.24,67.15,7.53,29.52,70.91,19.93,63.27,5.36,1.77,0.52,0.57,0.78,68.36,26.21,7.45,3.24,5.66,-5.66,5.2948,38.5981,0.7642,1.9931,1
877,2011,12,1722.66,-2.10,323.30,1070.18,8.37,320033,189041,114264,200825,28.23,60.84,8.46,18.54,164552,12608,13240,2766,0.2000,129829444,8125000,19003000000,717125000,4179750000,2869062500,0,28980775619,38235.72,2.39,3.94,6.93,9.74,20.99,2.92,6.40,95.44,59.07,51.42,3.94,4.14,0.45,65.57,2.47,14.42,9.90,7.45,3.24,6.98,-6.98,7.5366,0.6584,3.1062,4.5252,1
878,2011,12,1722.66,0.20,594.20,240.17,27.40,457488,284321,201280,385780,44.90,56.95,4.24,35.75,129816,11459,5737,2456,6.9500,53121235,1875000,33537875000,3702000000,775187500,4394312500,0,54962665833,16696.64,25.36,3.66,7.02,8.17,10.36,0.77,6.50,44.68,62.15,28.38,2.50,1.25,0.10,61.02,6.74,1.41,8.00,7.45,3.24,5.48,-5.48,3.0837,0.1426,6.8527,1.2089,1
879,2011,12,1722.66,-1.30,323.50,451.25,14.43,800241,108512,17109,24738,68.17,129.03,15.49,51.58,540232,58529,11081,1109,2.8800,45228274,250000,1780750000,1951250000,7746937500,4659812500,125000,18651888617,55456.76,19.96,0.92,1.33,36.55,69.18,8.30,27.65,59.46,13.56,67.51,7.31,1.38,0.24,9.55,10.46,41.53,24.98,7.45,3.24,6.11,-6.11,2.6255,1.2119,0.5838,0.9706,1
880,2011,12,1722.66,-3.30,468.60,263.82,15.73,312731,146547,2849,5589,1.84,1.73,0.24,0.53,120053,7877,10554,979,1.8066,90271110,9937500,16939437500,1089375000,637750000,103625000,0,20048671122,19881.18,11.49,0.14,0.28,0.92,0.86,0.12,0.26,48.83,46.86,38.39,2.52,3.37,0.45,84.49,5.43,3.18,0.52,7.45,3.24,5.58,-5.58,5.2402,0.5007,14.1546,87.1133,1
882,2011,12,1722.66,-0.50,161.50,519.18,16.96,1540830,50949,1198,1165,5.95,4.98,0.34,3.28,1000243,101784,140212,429,1.6000,78615762,0,312500,625000,669187500,6750000,0,733740503,90850.83,9.43,1.63,1.59,81.09,67.87,4.63,44.70,584.68,3.31,64.92,6.61,9.10,10.71,0.04,0.09,91.20,0.92,7.45,3.24,6.25,-6.25,4.5636,8385.6813,11.7479,1164.6780,1
883,2011,12,1722.66,2.80,460.30,929.92,34.21,806798,622228,466667,1507251,131.82,187.14,15.29,110.69,344828,16515,7647,1955,25.8900,78615762,115375000,108750000,49875000,600125000,6807500000,7750000,10419209969,23583.69,75.68,44.79,144.66,126.52,179.61,14.67,106.24,187.63,77.12,42.74,2.05,0.95,0.75,1.04,0.48,5.76,65.34,7.45,3.24,6.84,-6.84,4.5636,49.5608,13.0999,1.1548,1
884,2011,12,1722.66,1.50,135.80,1397.45,3.55,572843,61814,1853,2849,118.30,143.30,6.3,111.8,455539,33434,10796,1066,1.5900,62469187,1584937500,1000000,62500,22579187500,526937500,70625000,24814110660,161364.23,44.79,0.07,0.11,47.67,57.75,2.54,45.06,42.96,10.79,79.52,5.84,1.88,0.25,0.00,0.00,90.99,2.12,7.45,3.24,7.24,-7.24,3.6263,5879.4529,0.2767,11.8551,1
885,2011,12,1722.66,0.60,306.20,466.33,4.17,268172,94243,24520,36254,89.42,146.63,14.32,75.03,231442,10528,10804,743,1.9000,80872597,153000000,158562500,239437500,16450187500,2510875000,22562500,20105296713,64309.83,45.56,1.22,1.80,44.48,72.93,7.12,37.32,36.96,35.14,86.30,3.93,4.03,0.40,0.79,1.19,81.82,12.49,7.45,3.24,6.14,-6.14,4.6946,20.3197,0.4916,3.2209,1
886,2011,12,1722.66,-1.70,331.50,184.00,36.64,1538523,517926,115533,506000,30.67,50.63,5.78,21.73,1000572,61758,8195,2068,0.4500,161405562,0,14940812500,2929875000,3180062500,1799437500,0,27867468971,41990.26,1.23,4.15,18.16,11.01,18.17,2.07,7.80,74.21,33.66,65.03,4.01,0.53,0.58,53.61,10.51,11.41,6.46,7.45,3.24,5.21,-5.21,9.3696,0.9032,5.0755,8.9698,1
887,2011,12,1722.66,3.90,486.00,324.91,42.82,1265428,568581,220663,1002990,122.92,180.41,16.26,99.11,1010100,28464,7815,2706,29.6600,80959696,0,6229062500,853937500,1271187500,3775687500,0,16828128473,29552.27,69.27,13.11,59.60,73.04,107.21,9.66,58.90,160.80,44.93,79.82,2.25,0.62,0.48,37.02,5.07,7.55,22.44,7.45,3.24,5.78,-5.78,4.6997,1.1430,6.3688,2.1442,1
875,2012,13,1764.73,2.80,541.50,247.00,33.04,1291996,707890,288383,1500500,170.32,234.15,17.43,147,1008550,40349,9357,2459,22.8600,78234219,0,3822125000,266187500,170500000,4807625000,0,11120446067,39104.00,69.19,25.93,134.93,153.16,210.56,15.67,132.19,221.12,54.79,78.06,3.12,0.72,0.70,34.37,2.39,1.53,43.23,7.48,3.25,5.51,-5.51,4.4332,1.9136,45.8852,1.6273,1
876,2012,13,1764.73,-2.10,301.20,273.83,5.86,780851,146189,80351,103866,65.40,119.15,13.52,51.55,410786,38813,10583,1299,1.4100,97937812,11000000,126500000,120000000,13267187500,3230687500,3375000,17459921514,133251.02,24.06,4.60,5.95,37.46,68.24,7.74,29.52,74.40,18.72,52.61,4.97,1.36,0.56,0.72,0.69,75.99,18.50,7.48,3.25,5.61,-5.61,5.5497,39.7314,0.7382,3.0315,1
877,2012,13,1764.73,-3.00,715.00,1082.30,8.36,369968,217582,140484,301000,28.34,62.54,8.8,18.54,214778,19726,10304,2796,0.2000,135103240,250000,19301250000,594000000,3647875000,3154187500,0,28980775619,44254.55,2.39,4.85,10.39,9.78,21.58,3.04,6.40,96.48,58.81,58.05,5.33,2.79,0.47,66.60,2.05,12.59,10.88,7.48,3.25,6.99,-6.99,7.6557,0.6791,3.7036,4.2833,1
878,2012,13,1764.73,-1.10,547.60,242.18,26.55,534636,338830,254473,501000,52.57,66.48,4.58,43.58,165287,14656,5795,2541,6.1700,57564904,500000,35743750000,3399875000,953812500,3680437500,0,54962665833,20136.95,23.24,4.63,9.12,9.56,12.10,0.83,7.93,46.23,63.38,30.92,2.74,1.08,0.10,65.03,6.19,1.74,6.70,7.48,3.25,5.49,-5.49,3.2620,0.1471,6.0352,1.5641,1
879,2012,13,1764.73,-1.90,370.70,418.92,14.35,926279,120039,14860,29555,68.03,128.63,15.43,51.48,501989,60709,8594,1109,2.9200,47811756,750000,2438000000,1346062500,9916187500,2744187500,437500,18651888617,64549.06,20.35,0.80,1.58,36.47,68.96,8.27,27.60,59.46,12.96,54.19,6.55,0.93,0.26,13.07,7.22,53.16,14.71,7.48,3.25,6.04,-6.04,2.7093,1.2635,0.4822,1.7423,1
880,2012,13,1764.73,-4.10,447.70,274.92,15.52,349223,159249,2925,5455,1.79,1.56,0.21,0.51,153305,6603,12156,979,1.7824,95030334,750000,17489562500,883312500,436562500,60750000,0,20048671122,22501.48,11.48,0.15,0.27,0.89,0.78,0.10,0.25,48.83,45.60,43.90,1.89,3.48,0.47,87.24,4.41,2.18,0.30,7.48,3.25,5.62,-5.62,5.3850,0.5172,21.7679,156.4285,1
882,2012,13,1764.73,-1.60,232.40,516.00,17.00,1759226,55047,1182,1102,8.35,5.65,0.29,4.2,1101585,116771,161498,434,1.7200,86115348,0,0,0,672937500,4312500,375000,733740503,103483.88,10.12,1.61,1.50,113.80,77.00,3.95,57.24,591.49,3.13,62.62,6.64,9.18,11.74,0.00,0.00,91.71,0.59,7.48,3.25,6.25,-6.25,4.8798,#DIV/0!,12.7969,1996.8776,1
883,2012,13,1764.73,2.20,642.40,925.83,32.85,900637,696434,468196,1552500,131.87,187.04,15.27,110.69,360362,21768,6274,1973,27.9100,86115348,120875000,158937500,47562500,466312500,7196312500,11187500,10419209969,27416.65,84.96,44.94,149.00,126.56,179.51,14.66,106.24,189.36,77.33,40.01,2.42,0.70,0.83,1.53,0.46,4.48,69.07,7.48,3.25,6.83,-6.83,4.8798,41.7023,18.4673,1.1967,1
884,2012,13,1764.73,0.40,210.50,1414.90,3.53,667531,68982,2206,3350,125.21,152.01,6.72,118.41,243684,60785,8493,1078,1.6900,69567714,1591500000,1500000,0,22850187500,235375000,79625000,24814110660,189102.27,47.88,0.09,0.14,50.46,61.26,2.71,47.72,43.44,10.33,36.51,9.11,1.27,0.28,0.01,0.00,92.09,0.95,7.48,3.25,7.25,-7.25,3.9421,4637.8476,0.3045,29.5561,1
885,2012,13,1764.73,-0.20,383.10,466.08,4.22,319994,106259,26325,44086,92.30,153.78,15.39,76.83,332921,14259,12156,1853,1.9000,84429491,151687500,251500000,129875000,17276000000,1719312500,15312500,20105296713,75827.96,45.02,1.31,2.19,45.91,76.49,7.65,38.21,92.16,33.21,104.04,4.46,3.80,0.42,1.25,0.65,85.93,8.55,7.48,3.25,6.14,-6.14,4.7843,22.1382,0.4887,4.9107,1
886,2012,13,1764.73,-2.70,477.60,182.50,35.41,1901513,560044,119307,520500,31.30,52.80,6.1,22.3,1600011,66115,9613,2068,0.4200,166482405,0,15617187500,2585062500,2771312500,2116500000,0,27867468971,53699.89,1.19,4.28,18.68,11.23,18.95,2.19,8.00,74.21,29.45,84.14,3.48,0.51,0.60,56.04,9.28,9.94,7.59,7.48,3.25,5.21,-5.21,9.4339,0.9146,6.0073,7.8659,1
887,2012,13,1764.73,2.80,582.60,345.17,42.14,1486485,631254,210491,1028000,123.43,180.86,16.35,99.11,1268920,35054,9431,2706,29.0900,86109377,0,5233687500,1734250000,982062500,4398562500,0,16828128473,35274.92,69.03,12.51,61.09,73.35,107.47,9.72,58.90,160.80,42.47,85.36,2.36,0.63,0.51,31.10,10.31,5.84,26.14,7.48,3.25,5.84,-5.84,4.8795,1.2358,8.7682,1.9577,1
875,2013,14,1817.62,3.20,670.50,249.90,33.11,1456822,782272,290518,1544400,171.61,231.34,16.42,149.24,746288,47544,11505,2476,22.8300,86721026,0,3427687500,211125000,387125000,4587187500,0,11120446067,43999.46,68.95,26.12,138.88,154.32,208.03,14.77,134.20,222.65,53.70,51.23,3.26,0.79,0.78,30.82,1.90,3.48,41.25,7.51,3.26,5.52,-5.52,4.7711,2.3832,22.4013,1.8905,1
876,2013,14,1817.62,-1.30,556.10,235.00,5.87,836650,158626,79106,124001,66.51,119.33,13.32,52.73,423394,48888,11943,1366,1.4200,105423342,12812500,245250000,60375000,10773562500,5945750000,375000,17459921514,142529.81,24.19,4.53,7.10,38.09,68.35,7.63,30.20,78.24,18.96,50.61,5.84,1.43,0.60,1.40,0.35,61.70,34.05,7.51,3.26,5.46,-5.46,5.8001,34.4943,0.9785,1.7731,1
877,2013,14,1817.62,-2.40,432.10,1048.11,8.34,409188,239357,150124,401000,29.42,65.56,9.31,19.01,195000,21566,11696,2050,0.2000,140955435,0,19240437500,739750000,3614625000,3570562500,0,28980775619,49063.31,2.40,5.18,13.84,10.15,22.62,3.21,6.56,70.74,58.50,47.66,5.27,2.86,0.49,66.39,2.55,12.47,12.32,7.51,3.26,6.95,-6.95,7.7549,0.7055,3.8996,3.9477,1
878,2013,14,1817.62,-0.10,806.60,252.67,26.39,591075,376127,285733,543500,39.70,48.78,3.28,32.38,147919,15130,6364,2797,6.9000,62535458,0,34688562500,2452125000,1474750000,3381312500,0,54962665833,22397.69,26.15,5.20,9.89,7.22,8.88,0.60,5.89,50.89,63.63,25.03,2.56,1.08,0.11,63.11,4.46,2.68,6.15,7.51,3.26,5.53,-5.53,3.4405,0.1684,4.2404,1.8494,1
879,2013,14,1817.62,-1.50,591.20,400.25,14.34,1019368,131054,15078,20119,61.14,111.85,12.96,47.05,434796,73533,10008,1109,2.9400,50671686,1500000,2574250000,1431500000,7803875000,5237375000,0,18651888617,71085.63,20.50,0.81,1.08,32.78,59.97,6.95,25.23,59.46,12.86,42.65,7.21,0.98,0.27,13.80,7.67,41.84,28.08,7.51,3.26,5.99,-5.99,2.7878,1.2650,0.6493,0.9675,1
880,2013,14,1817.62,-3.30,858.20,252.75,15.33,376482,168815,3042,2197,1.61,1.47,0.2,0.47,122861,13491,9323,979,1.7642,100296627,0,17496437500,897437500,768625000,44187500,0,20048671122,24558.51,11.51,0.15,0.11,0.80,0.73,0.10,0.23,48.83,44.84,32.63,3.58,2.48,0.50,87.27,4.48,3.83,0.22,7.51,3.26,5.53,-5.53,5.5180,0.5453,13.0488,226.9796,1
882,2013,14,1817.62,-1.50,454.30,510.89,17.16,1949719,58354,1149,1228,10.36,6.07,0.27,4.72,852336,128086,123861,440,1.7400,94562485,0,2312500,0,665875000,10000000,0,733740503,113619.99,10.14,1.57,1.67,141.19,82.73,3.68,64.33,599.67,2.99,43.72,6.57,6.35,12.89,0.32,0.00,90.75,1.36,7.51,3.26,6.24,-6.24,5.2025,4089.1885,14.2012,945.6249,1
883,2013,14,1817.62,2.30,698.00,908.33,33.05,970038,759165,463204,1612500,131.24,182.88,14.39,110.93,202646,24380,6714,1973,26.4100,94562485,107625000,129062500,30625000,512812500,6754250000,2500000,10419209969,29350.62,79.91,44.46,154.76,125.96,175.52,13.81,106.47,189.36,78.26,20.89,2.51,0.69,0.91,1.24,0.29,4.92,64.82,7.51,3.26,6.81,-6.81,5.2025,59.2172,18.4400,1.4000,1
884,2013,14,1817.62,0.70,340.80,1418.08,3.52,729440,75886,2352,5750,128.42,155.71,6.84,121.51,182451,46438,9780,1078,1.6900,77660384,1695562500,10625000,0,21963062500,1048312500,35625000,24814110660,207227.27,48.01,0.09,0.23,51.75,62.75,2.76,48.97,43.44,10.40,25.01,6.37,1.34,0.31,0.04,0.00,88.51,4.22,7.51,3.26,7.26,-7.26,4.2726,730.9213,0.3536,7.4081,1
885,2013,14,1817.62,-0.10,521.40,448.75,4.26,327562,115299,27626,56500,87.15,149.87,15.7,71.37,132873,13065,13952,1853,1.9200,88370403,156250000,271062500,157937500,15898000000,3169625000,11500000,20105296713,76892.49,45.07,1.37,2.81,43.35,74.54,7.81,35.50,92.16,35.20,40.56,3.99,4.26,0.44,1.35,0.79,79.07,15.77,7.51,3.26,6.11,-6.11,4.8619,20.5992,0.5559,2.7880,1
886,2013,14,1817.62,-2.30,659.50,163.67,35.08,2120248,613290,125491,555500,30.58,47.84,5.04,22.64,963636,52268,9104,2068,0.4000,172167690,0,15602375000,2500937500,4326062500,1996562500,0,27867468971,60440.36,1.14,4.50,19.93,10.97,17.17,1.81,8.12,74.21,28.93,45.45,2.47,0.43,0.62,55.99,8.97,15.52,7.16,7.51,3.26,5.10,-5.10,9.4721,0.9510,3.9798,8.6232,1
887,2013,14,1817.62,3.40,758.10,311.58,42.18,1656746,694427,209670,1067653,124.38,179.79,15.85,100.54,921590,45410,10770,2706,20.5400,91818727,250000,4478000000,1508250000,1862687500,3978812500,0,16828128473,39278.00,48.70,12.46,63.44,73.91,106.84,9.42,59.75,160.80,41.92,55.63,2.74,0.65,0.55,26.61,8.96,11.07,23.64,7.51,3.26,5.74,-5.74,5.0516,1.5338,4.9294,2.3077,1
875,2014,15,2020.17,3.20,703.30,310.17,33.16,1571789,833852,292335,1566000,173.65,233.37,16.38,151.47,913457,51885,12966,2476,22.7800,96125348,0,3427687500,211125000,387125000,4587187500,0,11120446067,47400.15,68.70,26.29,140.82,156.15,209.86,14.73,136.21,222.65,53.05,58.12,3.30,0.82,0.86,30.82,1.90,3.48,41.25,7.61,3.31,5.74,-5.74,4.7583,2.6417,24.8306,2.0955,1
876,2014,15,2020.17,0.10,354.50,228.33,5.87,890371,168150,81649,124701,67.54,124.08,14.25,52.83,176000,55397,15868,1388,1.4100,113477200,12812500,245250000,60375000,10773562500,5945750000,375000,17459921514,151681.60,24.02,4.68,7.14,38.68,71.07,8.16,30.26,79.50,18.89,19.77,6.22,1.78,0.65,1.40,0.35,61.70,34.05,7.61,3.31,5.43,-5.43,5.6172,37.1296,1.0533,1.9085,1
877,2014,15,2020.17,-1.40,432.10,961.83,8.32,442736,255982,154667,435000,35.83,73.64,9.7,25.14,240000,22862,18833,2141,0.2000,147056041,0,19240437500,739750000,3614625000,3570562500,0,28980775619,53213.46,2.40,5.34,15.01,12.36,25.41,3.35,8.67,73.88,57.82,54.21,5.16,4.25,0.51,66.39,2.55,12.47,12.32,7.61,3.31,6.87,-6.87,7.2794,0.7360,4.0684,4.1186,1
878,2014,15,2020.17,0.10,588.50,258.42,26.19,642464,403443,291861,561500,45.15,54.23,3.34,37.53,199838,16633,6905,2797,6.1000,67932949,0,34688562500,2452125000,1474750000,3381312500,0,54962665833,24530.89,23.29,5.31,10.22,8.21,9.87,0.61,6.83,50.89,62.80,31.10,2.59,1.07,0.12,63.11,4.46,2.68,6.15,7.61,3.31,5.55,-5.55,3.3627,0.1829,4.6064,2.0091,1
879,2014,15,2020.17,-0.20,350.20,396.27,14.30,1090309,136902,22408,20669,76.71,133.38,14.53,60.73,490015,81065,16264,1109,2.9500,53700859,1500000,2574250000,1431500000,7803875000,5237375000,0,18651888617,76245.38,20.63,1.20,1.11,41.13,71.51,7.79,32.56,59.46,12.56,44.94,7.44,1.49,0.29,13.80,7.67,41.84,28.08,7.61,3.31,5.98,-5.98,2.6582,1.3406,0.6881,1.0253,1
880,2014,15,2020.17,-2.70,467.80,240.00,15.08,400463,180872,3322,2797,1.94,1.66,0.19,0.71,150136,16833,10069,979,?,105851144,0,17496437500,897437500,768625000,44187500,0,20048671122,26555.90,11.71,0.17,0.14,0.97,0.83,0.09,0.35,48.83,45.17,37.49,4.20,2.51,0.53,87.27,4.48,3.83,0.22,7.61,3.31,5.48,-5.48,5.2397,0.5755,13.7715,239.5500,1
882,2014,15,2020.17,-0.30,348.60,511.75,17.31,2124403,62384,1269,1259,8.93,4.92,0.33,3.27,943536,139291,?,451,?,103834799,0,2312500,0,665875000,10000000,0,733740503,122726.92,9.83,1.73,1.72,121.71,67.05,4.50,44.57,614.66,2.94,44.41,6.56,8.47,14.15,0.32,0.00,90.75,1.36,7.61,3.31,6.24,-6.24,5.1399,4490.1535,15.5937,1038.3480,1
883,2014,15,2020.17,2.80,645.80,851.08,32.78,1036428,813868,447362,1659500,135.04,185.90,14.29,114.45,280259,28231,7419,1973,27.4100,103834799,107625000,129062500,30625000,512812500,6754250000,2500000,10419209969,31617.69,83.62,42.94,159.27,129.61,178.42,13.72,109.85,189.36,78.53,27.04,2.72,0.72,1.00,1.24,0.29,4.92,64.82,7.61,3.31,6.75,-6.75,5.1399,65.0237,20.2481,1.5373,1
884,2014,15,2020.17,2.50,324.10,1329.58,3.57,771554,79147,2133,8556,113.82,137.75,6,107.75,242112,48034,15671,1078,1.6900,86691657,1695562500,10625000,0,21963062500,1048312500,35625000,24814110660,216121.57,47.34,0.09,0.34,45.87,55.51,2.42,43.42,43.44,10.26,31.38,6.23,2.03,0.35,0.04,0.00,88.51,4.22,7.61,3.31,7.19,-7.19,4.2913,815.9215,0.3947,8.2696,1
885,2014,15,2020.17,1.90,303.80,421.58,4.30,349660,121000,26521,78261,102.43,169.60,16.82,85.5,230003,12984,15570,1927,1.9300,92492077,156250000,271062500,157937500,15898000000,3169625000,11500000,20105296713,81316.28,44.88,1.32,3.89,50.95,84.36,8.37,42.53,95.85,34.61,65.78,3.71,4.45,0.46,1.35,0.79,79.07,15.77,7.61,3.31,6.04,-6.04,4.5784,21.5599,0.5818,2.9181,1
886,2014,15,2020.17,-1.40,494.90,175.67,34.71,2271352,651000,125816,568000,31.54,51.52,5.78,22.62,1060000,56194,?,2068,0.4000,178040914,0,15602375000,2500937500,4326062500,1996562500,0,27867468971,65437.97,1.15,4.51,20.38,11.32,18.49,2.07,8.12,74.21,28.66,46.67,2.47,0.51,0.64,55.99,8.97,15.52,7.16,7.61,3.31,5.17,-5.17,8.8132,0.9835,4.1155,8.9174,1
887,2014,15,2020.17,3.90,642.40,273.50,42.15,1780117,738040,209166,1083153,132.96,186.49,15.3,109.99,1020200,45727,12138,2707,25.4800,97903314,250000,4478000000,1508250000,1862687500,3978812500,0,16828128473,42232.91,60.45,12.43,64.37,79.01,110.82,9.09,65.36,160.86,41.46,57.31,2.57,0.68,0.58,26.61,8.96,11.07,23.64,7.61,3.31,5.61,-5.61,4.8463,1.6355,5.2560,2.4606,1
